ID_Detalle,ID_Pedido,ID_Producto,Cantidad,Precio_Unitario,Subtotal
1,1226,A015,1,767,1109
2,1231,A015,2,273,4323
3,1713,A013,3,1366,4748
4,1536,A017,4,980,2522
5,1112,A018,1,1542,834
6,1836,A011,2,82,4011
7,1580,A008,3,1712,3482
8,1155,A016,4,1682,119
9,1467,A004,3,1232,1104
10,1581,A008,1,1278,156
11,1010,A014,1,189,4559
12,1793,A007,2,795,2309
13,1827,A012,4,1348,3063
14,1161,A014,3,1662,1558
15,1629,A001,3,1589,1142
16,1310,A020,1,503,806
17,1049,A009,4,365,2946
18,1067,A020,1,714,1565
19,1020,A005,4,691,4752
20,1462,A018,3,1768,1605
21,1839,A017,3,440,469
22,1593,A018,4,1949,1209
23,1789,A005,3,1890,3505
24,1634,A020,2,1837,3173
25,1458,A006,1,1304,1734
26,1940,A010,2,1502,1239
27,1251,A017,2,1301,4668
28,1766,A014,4,1037,879
29,1528,A014,3,380,638
30,1874,A009,4,1396,855
31,1028,A010,2,583,3536
32,1587,A001,1,807,2164
33,1716,A014,4,1890,1512
34,1231,A018,1,1284,458
35,1192,A013,3,1025,4377
36,1559,A010,4,236,1122
37,1775,A011,1,1563,3914
38,1120,A002,2,1543,4337
39,1077,A012,1,929,3300
40,1853,A005,2,1336,226
41,1261,A016,2,1166,280
42,1954,A006,2,1344,3795
43,1833,A008,2,1580,2361
44,1126,A017,3,1788,687
45,1292,A015,3,874,3498
46,1725,A013,4,1127,4109
47,1992,A014,4,1718,512
48,1150,A008,4,1948,580
49,1062,A005,4,1466,1721
50,1067,A010,1,1105,260
51,1419,A002,1,768,4510
52,1699,A001,3,471,1385
53,1665,A017,2,1464,2766
54,1725,A011,1,1397,3938
55,1277,A009,4,1593,664
56,1625,A013,1,1323,3444
57,1108,A009,1,762,3329
58,1513,A013,2,1778,4976
59,1255,A014,4,1020,554
60,1186,A002,2,563,1685
61,1877,A008,2,1903,3080
62,1773,A013,3,1603,596
63,1209,A015,3,1169,3435
64,1886,A012,3,933,2029
65,1961,A017,3,791,72
66,1563,A008,3,1255,2255
67,1305,A010,4,1375,2178
68,1978,A013,3,291,3353
69,1211,A017,3,958,176
70,1312,A018,4,1036,4130
71,1586,A019,4,307,4725
72,1138,A010,3,773,2040
73,1225,A009,4,684,4386
74,1657,A015,1,232,2898
75,1733,A016,2,1418,1283
76,1990,A012,1,1628,3771
77,1379,A012,2,1626,2748
78,1679,A007,2,1105,662
79,1672,A020,1,663,4530
80,1292,A020,2,1156,2016
81,1307,A009,4,891,2593
82,1487,A005,4,58,1151
83,1442,A012,1,909,4460
84,1211,A004,4,924,3156
85,1871,A009,4,1351,2541
86,1472,A010,4,1516,705
87,1375,A001,2,395,2733
88,1843,A014,2,1322,3988
89,1637,A002,4,1155,844
90,1704,A020,3,250,710
91,1252,A001,1,707,576
92,1606,A007,1,969,1876
93,1277,A019,1,1954,4271
94,1466,A008,1,839,2658
95,1119,A005,1,1857,1035
96,1900,A005,1,444,4915
97,1357,A014,3,77,3307
98,1378,A002,1,1094,4983
99,1177,A007,1,1968,4650
100,1614,A013,2,1864,4812
101,1451,A006,4,248,2066
102,1856,A020,4,888,2204
103,1066,A008,4,256,3785
104,1045,A017,1,1301,4659
105,1232,A005,2,1493,1762
106,1019,A009,1,1353,1737
107,1610,A010,2,872,4967
108,1151,A019,3,1576,1721
109,1452,A013,1,388,2287
110,1316,A014,2,1699,4048
111,1741,A005,3,1412,2470
112,1365,A001,3,923,118
113,1089,A013,1,534,2330
114,1639,A012,3,183,1423
115,1017,A014,4,1164,2892
116,1596,A004,1,994,3982
117,1831,A010,3,745,4108
118,1763,A003,3,1120,351
119,1407,A003,1,144,2590
120,1143,A005,2,854,4253
121,1935,A012,4,529,978
122,1071,A010,2,397,990
123,1542,A007,2,816,1184
124,1501,A004,3,1028,3892
125,1175,A011,1,1930,4854
126,1084,A006,1,911,4363
127,1239,A006,2,1840,1639
128,1788,A019,1,630,4499
129,1844,A005,2,1620,1236
130,1288,A006,4,1795,103
131,1096,A003,3,1526,4754
132,1164,A020,1,713,3036
133,1686,A020,4,1019,1067
134,1870,A010,4,359,74
135,1982,A014,3,341,577
136,1028,A004,1,1107,1348
137,1008,A015,2,827,3004
138,1388,A006,3,1730,2675
139,1325,A012,4,1454,877
140,1512,A017,2,559,2088
141,1928,A006,1,437,425
142,1070,A009,3,367,1627
143,1453,A005,1,282,4515
144,1430,A006,3,900,207
145,1508,A001,2,1944,4468
146,1030,A005,4,658,2817
147,1190,A009,2,1549,3001
148,1355,A008,1,456,1410
149,1295,A018,1,1712,3454
150,1738,A005,4,206,4725
151,1391,A013,2,910,4507
152,1786,A005,1,758,609
153,1540,A017,2,524,383
154,1916,A003,4,464,3736
155,1074,A004,1,1027,1045
156,1163,A009,4,645,3600
157,1474,A015,4,1540,1040
158,1223,A014,1,1882,2208
159,1598,A001,1,182,2840
160,1574,A008,2,1645,1432
161,1302,A009,3,1574,1649
162,1197,A005,4,539,4892
163,1325,A005,4,887,444
164,1172,A018,3,867,4447
165,1917,A020,4,812,343
166,1414,A012,1,1070,4459
167,1920,A008,2,990,2691
168,1256,A017,2,1859,3984
169,1610,A012,3,1645,556
170,1271,A019,1,477,1316
171,1321,A015,3,1514,728
172,1435,A003,4,1330,4738
173,1458,A017,3,1594,3747
174,1517,A019,1,1768,1879
175,1284,A005,4,866,4332
176,1149,A012,4,667,821
177,1660,A013,1,1569,4632
178,1258,A009,1,1064,4714
179,1468,A018,4,1978,2659
180,1258,A014,3,250,4752
181,1574,A013,1,255,423
182,1832,A020,4,1701,2905
183,1867,A020,1,751,4243
184,1558,A011,4,1025,4573
185,1445,A007,3,1649,1375
186,1343,A005,1,1618,2395
187,1918,A010,2,1760,3686
188,1609,A004,2,547,906
189,1498,A014,3,169,3676
190,1074,A005,1,927,3788
191,1053,A005,1,1369,92
192,1974,A014,3,1485,4162
193,1364,A016,1,1829,3325
194,1285,A020,3,242,4126
195,1583,A007,2,658,262
196,1094,A014,2,614,4285
197,1774,A003,1,1628,3859
198,1264,A017,1,332,2743
199,1875,A014,1,778,2417
200,1023,A013,4,1045,3954
201,1849,A011,1,1804,877
202,1070,A006,1,1933,1062
203,1819,A015,3,446,3161
204,1851,A010,3,623,852
205,1289,A018,2,382,4712
206,1712,A003,2,1950,3971
207,1105,A020,3,484,293
208,1788,A001,3,525,3138
209,1489,A002,4,1517,3009
210,1020,A020,3,447,3104
211,1243,A006,1,1001,790
212,1944,A010,3,1608,3464
213,1518,A009,4,227,3652
214,1538,A019,3,681,4820
215,1807,A015,2,1908,4004
216,1144,A012,1,1966,724
217,1743,A005,3,570,4792
218,1055,A012,2,195,931
219,1741,A019,3,413,2026
220,1839,A014,3,1081,3760
221,1128,A017,3,1191,1446
222,1400,A019,3,1541,953
223,1444,A019,3,1520,3540
224,1427,A011,3,193,2766
225,1205,A005,4,753,301
226,1975,A012,2,1950,4958
227,1168,A004,4,1743,3255
228,1097,A016,2,487,4170
229,1099,A005,2,957,3612
230,1598,A016,3,432,1231
231,1068,A009,1,481,3943
232,1057,A012,4,1495,1517
233,1936,A016,1,145,1240
234,1101,A018,4,1736,3088
235,1456,A001,4,879,3685
236,1372,A008,4,214,3370
237,1975,A009,2,189,4130
238,1744,A009,4,154,1597
239,1549,A018,4,109,1057
240,1924,A013,2,1719,2631
241,1658,A014,1,1400,2092
242,1275,A015,4,1469,1427
243,1424,A020,3,1396,3886
244,1492,A002,3,671,3726
245,1244,A005,4,1000,4625
246,1208,A017,4,172,912
247,1042,A014,1,1083,3507
248,1849,A008,2,982,243
249,1101,A017,4,1482,3047
250,1479,A006,1,1105,4525
251,1412,A006,3,928,4087
252,1276,A015,1,1767,4722
253,1523,A008,3,1938,3525
254,1215,A004,1,1445,4463
255,1341,A016,1,568,4532
256,1699,A006,4,630,3212
257,1091,A009,2,1658,1908
258,1244,A019,3,140,4507
259,1135,A003,3,1047,3121
260,1661,A012,2,1139,2112
261,1230,A013,1,1072,2981
262,1727,A010,2,462,2204
263,1530,A010,2,1302,1029
264,1374,A005,4,220,4149
265,1906,A018,3,1034,3391
266,1576,A010,3,215,2791
267,1634,A002,3,91,2043
268,1835,A005,4,1081,1117
269,1748,A010,3,1850,2174
270,1682,A017,2,982,1331
271,1089,A002,1,254,1200
272,1132,A007,3,1115,4787
273,1957,A010,1,497,403
274,1967,A008,2,80,579
275,1522,A017,1,1785,1038
276,1698,A014,4,1270,4224
277,1791,A015,1,1230,3731
278,1205,A015,3,1942,3292
279,1553,A001,4,577,4001
280,1497,A013,3,208,2507
281,1557,A012,1,1580,736
282,1323,A009,4,548,2762
283,1781,A013,4,1167,1397
284,1848,A018,4,193,4034
285,1116,A004,2,66,4600
286,1948,A008,4,1620,2903
287,1960,A015,1,630,2644
288,1741,A012,4,1149,826
289,1529,A014,1,966,1623
290,1118,A019,4,304,4729
291,1223,A002,4,105,1422
292,1116,A020,4,1149,4293
293,1382,A015,1,1085,1842
294,1381,A011,1,930,1908
295,1152,A001,2,815,2699
296,1083,A017,2,1474,689
297,1318,A015,4,148,4232
298,1334,A010,2,999,3194
299,1813,A009,3,553,1127
300,1898,A006,1,1451,1019
301,1931,A003,4,1090,4841
302,1293,A016,1,978,2246
303,1457,A007,1,1073,4363
304,1025,A014,1,1510,2385
305,1699,A012,3,1347,2851
306,1686,A006,1,886,3297
307,1476,A011,1,1231,2570
308,1143,A008,4,449,4077
309,1361,A005,3,526,2953
310,1046,A010,4,142,2770
311,1070,A010,1,1126,3694
312,1252,A014,2,1827,3041
313,1996,A017,1,935,3919
314,1899,A003,2,1671,2647
315,1091,A005,1,1253,1135
316,1073,A016,1,1098,4368
317,1676,A012,1,602,4830
318,1217,A011,1,742,3082
319,1778,A006,2,861,1895
320,1790,A005,3,1605,3041
321,1317,A017,1,1851,2346
322,1233,A016,3,1328,140
323,1024,A008,1,451,3419
324,1735,A018,4,838,3087
325,1931,A004,2,382,4103
326,1529,A013,3,489,3207
327,1626,A001,4,1252,4393
328,1541,A006,3,1748,2663
329,1634,A019,2,330,3827
330,1790,A011,1,66,1543
331,1654,A016,4,1053,890
332,1895,A008,4,227,1582
333,1117,A015,1,1074,1549
334,1293,A017,4,1548,1978
335,1017,A005,1,706,1192
336,1220,A009,3,1194,2036
337,1841,A011,1,1468,2795
338,1580,A014,3,821,1559
339,1136,A020,1,234,4267
340,1325,A009,3,333,3041
341,1806,A011,3,760,2802
342,1502,A007,4,1194,2179
343,1039,A004,3,1529,2279
344,1802,A004,4,1993,3341
345,1131,A002,1,1716,4856
346,1850,A019,4,1641,4352
347,1502,A012,2,620,51
348,1249,A010,1,1908,153
349,1186,A010,2,1416,3938
350,1492,A015,1,1164,1176
351,1203,A019,3,1850,1515
352,1286,A011,3,1516,1811
353,1817,A009,4,1965,539
354,1078,A015,2,1114,3683
355,1569,A014,1,344,2048
356,1752,A015,4,1289,630
357,1275,A012,2,191,2683
358,1318,A007,1,494,1546
359,1138,A011,4,690,1940
360,1598,A019,1,1473,3908
361,1316,A012,2,305,4304
362,1515,A012,3,702,2212
363,1008,A018,2,118,167
364,1356,A015,3,1836,4373
365,1929,A020,1,1334,4587
366,1957,A019,1,524,2073
367,1666,A020,1,1213,3628
368,1096,A013,2,1969,2286
369,1762,A014,3,845,3080
370,1090,A011,4,1268,594
371,1109,A002,3,466,1937
372,1961,A003,4,1873,1968
373,1135,A005,1,693,3483
374,1708,A007,1,1796,2983
375,1624,A011,1,1281,4100
376,1255,A014,2,1545,864
377,1449,A019,2,1345,4683
378,1538,A013,2,1742,4620
379,1851,A013,2,567,3495
380,1564,A010,3,1881,3264
381,1051,A014,2,1696,2217
382,1646,A007,4,704,3117
383,1040,A019,1,1914,3011
384,1321,A004,4,1693,2834
385,1895,A017,4,1027,866
386,1872,A002,4,1286,2785
387,1840,A005,3,1198,4279
388,1495,A012,1,1516,3923
389,1086,A003,1,1962,4978
390,1976,A006,1,1677,1851
391,1744,A001,4,958,1963
392,1471,A017,1,1114,880
393,1456,A016,4,1998,4434
394,1979,A010,1,630,3667
395,1385,A017,1,1590,4731
396,1053,A008,3,450,2112
397,1160,A020,2,855,591
398,1656,A004,4,1059,2727
399,1124,A013,1,900,1657
400,1729,A017,3,1199,4482
401,1891,A008,3,1645,1820
402,1059,A015,2,1341,1908
403,1169,A020,3,1499,4435
404,1569,A012,1,468,3004
405,1570,A011,4,723,3281
406,1577,A010,4,1891,3427
407,1896,A008,3,287,4559
408,1966,A002,4,1965,3379
409,1230,A013,3,848,4605
410,1100,A011,1,597,1139
411,1783,A001,3,1675,2760
412,1442,A014,4,1389,1668
413,1052,A003,3,830,771
414,1664,A019,3,1688,3811
415,1176,A015,4,1559,4920
416,1705,A006,1,82,1326
417,1867,A012,3,1648,3408
418,1729,A014,1,1511,646
419,1815,A017,1,531,3774
420,1268,A009,3,190,2451
421,1211,A019,4,1760,3504
422,1300,A012,1,93,1433
423,1366,A010,2,1625,2508
424,1666,A018,4,312,4573
425,1542,A012,4,553,2036
426,1011,A015,4,708,3160
427,1194,A009,2,1255,3176
428,1179,A014,2,225,2067
429,1050,A005,3,435,272
430,1252,A018,2,1466,4952
431,1368,A013,2,1492,4459
432,1609,A006,1,953,1043
433,1762,A014,4,1953,583
434,1564,A010,4,529,1479
435,1390,A018,4,1721,4332
436,1634,A007,1,957,2927
437,1258,A018,4,1490,4779
438,1900,A012,1,335,4526
439,1047,A017,4,1822,2782
440,1997,A005,1,672,3078
441,1100,A020,3,1011,3991
442,1992,A007,4,1283,2375
443,1002,A002,3,672,4951
444,1869,A019,4,1403,1130
445,1497,A012,2,759,2472
446,1945,A012,3,1516,1904
447,1369,A018,2,854,4590
448,1123,A019,1,952,4278
449,1273,A010,4,1545,4856
450,1577,A020,4,1484,3107
451,1338,A014,3,468,4867
452,1002,A017,1,551,3383
453,1165,A014,4,1684,2398
454,1722,A010,3,974,3199
455,1090,A010,3,801,2095
456,1733,A006,2,1182,1687
457,1157,A013,3,1656,867
458,1153,A011,3,1112,3409
459,1135,A020,2,1150,2405
460,1031,A005,3,1245,2691
461,1619,A002,1,643,4267
462,1458,A014,2,1250,4916
463,1021,A002,2,850,2728
464,1248,A005,2,728,4695
465,1344,A006,3,464,2449
466,1976,A019,2,1921,1120
467,1911,A007,4,1229,3114
468,1357,A006,1,136,1728
469,1722,A002,1,1288,3209
470,1536,A016,2,1830,3475
471,1035,A019,1,1656,2975
472,1499,A007,1,1646,4837
473,1371,A008,1,129,244
474,1322,A006,1,1296,2340
475,1973,A017,4,1966,2650
476,1831,A014,1,195,54
477,1334,A017,3,612,2688
478,1332,A015,3,1294,3714
479,1242,A008,1,934,4629
480,1035,A002,1,282,575
481,1864,A009,1,1466,2854
482,1439,A002,4,1692,343
483,1260,A003,3,445,3550
484,1390,A018,2,295,2589
485,1303,A013,1,706,2431
486,1240,A010,2,1726,1506
487,1931,A009,3,236,129
488,1610,A016,4,1357,3652
489,1636,A009,3,1329,564
490,1985,A008,2,1323,2783
491,1097,A004,1,1618,4157
492,1356,A003,4,1841,583
493,1043,A004,1,1593,2590
494,1974,A017,2,511,4764
495,1752,A011,1,1427,3046
496,1006,A013,2,1946,3266
497,1767,A012,4,1001,4473
498,1149,A008,1,1457,1808
499,1704,A004,3,1513,4070
500,1720,A013,4,1609,4445
501,1637,A008,3,158,3142
502,1115,A006,4,138,2944
503,1900,A014,3,1879,3582
504,1321,A011,4,1969,1582
505,1728,A019,2,129,4921
506,1530,A012,2,722,4793
507,1446,A003,4,1482,4661
508,1824,A011,1,1197,3094
509,1126,A004,2,1682,2808
510,1417,A013,3,812,93
511,1253,A004,2,578,1674
512,1276,A014,1,1082,2666
513,1331,A019,1,1376,296
514,1621,A010,1,541,1453
515,1166,A019,2,1580,3278
516,1924,A018,3,316,1648
517,1268,A011,4,1019,4334
518,1716,A019,4,758,4130
519,1094,A002,2,1675,883
520,1721,A003,4,1924,4922
521,1363,A006,2,290,3926
522,1859,A002,3,431,3361
523,1724,A008,4,1795,3549
524,1537,A009,3,924,4937
525,1580,A011,1,715,876
526,1798,A014,4,292,2392
527,1022,A016,3,1332,141
528,1259,A005,1,74,2976
529,1187,A014,4,1767,1197
530,1281,A015,4,1016,264
531,1590,A008,2,797,227
532,1072,A006,1,1007,4450
533,1307,A007,1,1525,3412
534,1438,A010,3,755,1620
535,1137,A016,1,420,1093
536,1380,A001,1,1158,3208
537,1244,A009,2,454,1783
538,1663,A001,3,1182,277
539,1941,A010,4,1282,3038
540,1817,A009,1,1241,3810
541,1965,A016,2,1432,990
542,1279,A001,3,1831,1262
543,1896,A009,2,1398,692
544,1568,A003,2,892,225
545,1367,A017,4,834,4017
546,1113,A010,3,130,509
547,1570,A010,3,516,2607
548,1541,A005,3,1857,3587
549,1105,A004,1,1628,1101
550,1304,A017,3,596,2318
551,1573,A015,2,1444,1934
552,1474,A005,3,192,3064
553,1800,A020,3,984,4188
554,1057,A015,4,145,2313
555,1316,A020,4,1306,3844
556,1469,A009,4,471,1860
557,1747,A016,2,1399,1592
558,1592,A009,3,1336,2528
559,1633,A003,1,119,1385
560,1464,A002,1,1710,410
561,1785,A007,4,146,1248
562,1941,A012,4,280,154
563,1308,A009,2,612,929
564,1491,A009,4,1111,4230
565,1992,A002,1,1722,4851
566,1791,A017,3,273,1299
567,1665,A002,4,1011,1201
568,1745,A004,1,274,4365
569,1018,A017,1,1643,3247
570,1716,A012,4,717,298
571,1131,A010,4,1677,3582
572,1028,A009,4,1502,1380
573,1900,A012,3,115,1485
574,1948,A020,3,1691,2561
575,1100,A014,3,494,3539
576,1237,A015,2,718,1085
577,1543,A012,1,1394,3259
578,1484,A004,1,600,1119
579,1491,A020,1,285,1857
580,1634,A018,3,58,3250
581,1273,A018,3,57,873
582,1873,A014,3,1048,2427
583,1985,A002,4,1308,4233
584,1394,A019,2,620,4524
585,1530,A011,2,1302,4181
586,1617,A007,3,1149,1517
587,1618,A006,3,892,3048
588,1166,A003,1,1388,505
589,1765,A008,1,372,1112
590,1854,A013,4,530,3702
591,1581,A006,2,412,4558
592,1674,A002,1,790,4828
593,1453,A006,4,1490,4719
594,1176,A002,2,1945,1364
595,1921,A003,1,371,2174
596,1927,A006,3,613,3851
597,1856,A007,4,484,4942
598,1416,A003,3,402,2960
599,1578,A008,2,1279,979
600,1817,A009,4,930,1451
601,1252,A005,4,177,2616
602,1862,A001,4,595,2215
603,1458,A017,1,233,2465
604,1716,A007,4,1662,3010
605,1452,A020,3,937,2219
606,1082,A012,1,569,3680
607,1403,A003,3,654,1310
608,1027,A009,4,895,2044
609,1733,A007,1,1624,4521
610,1109,A020,1,358,1808
611,1346,A001,3,747,840
612,1477,A015,1,753,4611
613,1239,A007,2,941,2661
614,1900,A018,4,1130,1297
615,1785,A002,1,716,518
616,1993,A010,1,1508,2870
617,1591,A020,4,1353,2495
618,1710,A008,3,1804,4623
619,1037,A006,1,412,2221
620,1167,A012,2,1624,3403
621,1714,A007,2,1403,288
622,1071,A006,4,618,3022
623,1071,A017,2,522,3901
624,1768,A014,2,1968,2413
625,1697,A002,2,127,4755
626,1839,A018,3,474,3900
627,1034,A002,2,1611,4035
628,1299,A020,2,54,4288
629,1282,A014,3,543,1816
630,1235,A014,3,1648,3477
631,1145,A019,4,1455,2737
632,1501,A013,2,1300,4430
633,1465,A017,4,260,1361
634,1716,A002,1,1209,1080
635,1592,A014,3,1700,1244
636,1209,A015,1,1027,1786
637,1924,A014,3,1658,3912
638,1040,A006,4,1556,2918
639,1789,A016,3,1754,1876
640,1548,A019,2,1375,3116
641,1943,A006,3,1141,3769
642,1217,A014,2,1274,3924
643,1800,A008,1,1214,2111
644,1908,A009,4,63,3700
645,1871,A009,1,773,2760
646,1712,A011,4,1312,1086
647,1839,A009,3,1595,3527
648,1787,A016,1,529,3193
649,1962,A012,4,1501,279
650,1115,A020,2,1899,3096
651,1871,A006,3,1410,1774
652,1914,A006,4,1195,712
653,1066,A012,4,1986,2572
654,1193,A020,1,484,3931
655,1956,A003,1,533,2978
656,1403,A015,2,1445,3662
657,1544,A019,4,1916,3815
658,1393,A002,4,1720,4301
659,1642,A008,3,399,4459
660,1126,A005,1,780,1377
661,1553,A003,4,645,1658
662,1128,A009,4,1947,710
663,1667,A011,2,1620,1249
664,1931,A004,1,1955,560
665,1035,A016,1,1221,1028
666,1973,A003,4,1354,2286
667,1140,A015,1,1639,2922
668,1133,A010,3,1993,2460
669,1290,A008,4,1575,3278
670,1705,A006,2,603,3347
671,1506,A011,4,877,1637
672,1800,A019,2,653,125
673,1985,A016,1,1484,4252
674,1233,A009,1,647,4154
675,1582,A012,2,806,2241
676,1898,A017,1,1740,1514
677,1490,A009,2,473,2238
678,1743,A007,1,1664,2561
679,1071,A007,2,802,2362
680,1404,A014,1,606,3743
681,1354,A015,1,550,722
682,1617,A009,4,743,1291
683,1714,A013,2,264,234
684,1862,A012,1,782,3583
685,1452,A020,3,445,4104
686,1144,A011,3,1299,2391
687,1439,A012,4,1838,733
688,1781,A004,1,996,3924
689,1132,A007,4,600,2828
690,1013,A015,3,1373,4884
691,1599,A014,3,1909,114
692,1835,A005,1,1699,1345
693,1873,A001,3,1747,120
694,1537,A008,1,1128,3291
695,1134,A011,4,276,3110
696,1903,A010,1,1456,920
697,1909,A017,2,717,1043
698,1661,A014,1,1566,4541
699,1982,A006,3,924,2767
700,1659,A015,2,488,4582
701,1927,A020,2,1691,2853
702,1936,A006,2,1595,3348
703,1595,A010,4,921,3270
704,1211,A016,4,153,1873
705,1307,A005,1,1262,4720
706,1925,A017,3,798,3811
707,1313,A017,4,157,1310
708,1945,A012,4,79,4295
709,1645,A015,2,1619,4773
710,1186,A010,2,797,1559
711,1991,A004,2,1672,3572
712,1299,A001,3,145,3035
713,1801,A006,2,356,4220
714,1957,A011,2,155,3863
715,1124,A003,3,1172,662
716,1132,A009,4,226,3011
717,1765,A001,2,1178,2789
718,1102,A016,2,1735,1645
719,1664,A014,2,751,3180
720,1891,A005,4,1419,2333
721,1786,A002,3,367,1429
722,1189,A019,1,81,1279
723,1808,A013,3,863,4250
724,1056,A019,1,172,1568
725,1601,A004,4,1567,3404
726,1380,A006,2,105,3406
727,1449,A014,1,1976,741
728,1858,A014,2,1487,3995
729,1037,A003,2,1266,3815
730,1222,A020,2,1427,2076
731,1102,A017,4,1557,1866
732,1137,A006,1,737,3271
733,1767,A009,3,478,2892
734,1180,A007,2,1616,745
735,1319,A020,3,533,1945
736,1812,A016,3,376,4967
737,1302,A006,3,451,3057
738,1197,A010,1,1159,492
739,1715,A006,4,1439,4572
740,1814,A004,2,113,803
741,1686,A003,3,455,3249
742,1478,A009,4,1417,3703
743,1444,A012,3,1733,3332
744,1373,A012,2,636,4257
745,1570,A017,2,1913,3431
746,1286,A014,2,921,4813
747,1436,A019,1,1065,3387
748,1355,A018,2,1303,2352
749,1549,A003,1,128,1634
750,1385,A007,3,461,290
751,1957,A006,2,1454,318
752,1446,A010,4,656,4431
753,1102,A001,1,611,2569
754,1070,A011,4,1405,2734
755,1757,A016,3,298,2960
756,1304,A017,4,1138,1131
757,1581,A008,1,1053,1635
758,1334,A008,4,298,270
759,1183,A009,4,187,1736
760,1302,A008,4,1177,213
761,1675,A004,1,1574,2667
762,1732,A012,3,1518,3100
763,1726,A005,3,1425,4707
764,1482,A010,4,1351,2407
765,1786,A013,4,667,1184
766,1812,A006,2,433,4276
767,1231,A008,2,1216,1722
768,1228,A015,1,1444,4538
769,1389,A019,1,1409,2613
770,1451,A019,2,1394,305
771,1111,A004,4,1574,2045
772,1804,A014,2,1608,1602
773,1320,A004,4,833,668
774,1490,A004,1,698,2713
775,1287,A014,2,299,1001
776,1520,A007,2,788,4347
777,1011,A003,4,148,2306
778,1958,A002,1,1465,3174
779,1726,A001,4,1074,1021
780,1021,A011,4,1872,3192
781,1546,A004,3,921,2493
782,1482,A008,2,334,4905
783,1898,A007,4,1248,2780
784,1986,A008,4,654,396
785,1075,A002,3,1771,4584
786,1735,A003,3,1520,2187
787,1675,A007,3,1204,2117
788,1321,A016,3,1804,1262
789,1813,A006,2,931,2786
790,1646,A007,1,1180,222
791,1384,A020,4,984,1151
792,1714,A008,1,403,4029
793,1852,A016,3,143,1624
794,1431,A003,2,77,430
795,1571,A013,1,1329,176
796,1607,A019,3,957,2329
797,1738,A019,2,1869,1677
798,1553,A013,2,931,2395
799,1718,A013,2,307,2495
800,1154,A004,2,1560,2246
801,1618,A010,4,905,773
802,1963,A001,2,263,2972
803,1010,A004,4,951,3691
804,1511,A007,4,1657,1497
805,1641,A003,4,1160,3829
806,1714,A005,2,430,4416
807,1685,A008,3,941,3755
808,1670,A003,1,1467,3169
809,1209,A004,4,1699,193
810,1711,A015,1,1888,973
811,1532,A018,2,93,2012
812,1694,A020,2,1819,2923
813,1956,A019,2,753,1303
814,1422,A012,1,620,443
815,1136,A004,2,1319,2815
816,1603,A008,4,1215,3475
817,1542,A016,1,669,601
818,1897,A001,4,1517,4732
819,1209,A011,1,1612,3175
820,1548,A016,2,1320,3625
821,1978,A013,1,861,443
822,1743,A003,4,1518,2755
823,1805,A018,3,1213,596
824,1903,A013,4,1637,3496
825,1775,A003,2,670,1738
826,1277,A008,2,1576,3129
827,1157,A006,2,832,776
828,1211,A019,4,111,4775
829,1357,A002,4,807,2378
830,1769,A006,1,279,3181
831,1832,A004,2,1877,184
832,1403,A004,2,539,3708
833,1686,A012,2,1017,1953
834,1147,A005,2,1703,1102
835,1671,A008,2,455,1352
836,1323,A003,2,1529,452
837,1921,A020,2,57,1128
838,1549,A009,4,103,4061
839,1323,A015,1,694,3124
840,1637,A003,1,1327,4868
841,1123,A006,3,858,1408
842,1922,A009,4,1582,3619
843,1005,A003,1,575,4264
844,1085,A005,3,1937,3830
845,1622,A018,1,994,2737
846,1914,A017,2,182,2781
847,1792,A014,4,537,1111
848,1930,A014,3,1694,1258
849,1828,A013,4,391,3374
850,1830,A008,4,1195,3288
851,1191,A014,4,1529,909
852,1015,A004,1,1041,1536
853,1603,A018,4,1197,1504
854,1868,A008,2,205,1325
855,1803,A012,4,1551,3774
856,1448,A016,1,793,1983
857,1241,A012,4,202,3376
858,1246,A015,4,829,4048
859,1482,A001,3,156,3999
860,1908,A010,2,988,4587
861,1872,A005,1,787,2525
862,1571,A016,3,578,3399
863,1482,A004,4,873,1572
864,1978,A014,4,859,1232
865,1799,A020,3,149,4161
866,1362,A003,2,79,3865
867,1601,A008,1,1945,3413
868,1817,A014,2,1341,828
869,1236,A008,4,721,445
870,1251,A020,3,1973,4917
871,1597,A009,4,1660,2329
872,1480,A019,4,517,3746
873,1586,A007,2,1434,4927
874,1987,A015,3,1032,3075
875,1399,A015,2,295,3092
876,1046,A008,1,927,1554
877,1441,A019,4,860,436
878,1233,A017,1,835,4089
879,1242,A005,4,1064,2239
880,1082,A020,2,1787,3973
881,1150,A001,3,588,3589
882,1786,A007,2,994,1399
883,1955,A009,4,1423,4877
884,1814,A003,1,590,155
885,1147,A017,1,481,3685
886,1406,A011,1,556,4192
887,1723,A014,3,1448,409
888,1720,A009,2,434,1091
889,1829,A001,2,1949,4344
890,1374,A015,1,1637,59
891,1263,A014,3,600,4425
892,1789,A017,3,776,707
893,1848,A004,4,1288,2670
894,1052,A004,2,1044,3525
895,1581,A005,3,321,3868
896,1147,A005,1,1446,2347
897,1302,A003,1,1456,415
898,1713,A018,3,353,1877
899,1643,A015,2,66,2673
900,1495,A010,4,1775,4104
901,1005,A016,3,1703,3902
902,1914,A002,3,414,4660
903,1127,A011,2,1290,910
904,1173,A001,4,76,3406
905,1480,A005,2,1139,91
906,1822,A007,2,1949,4278
907,1567,A003,3,944,265
908,1735,A017,2,1266,3287
909,1089,A006,2,1232,437
910,1316,A017,4,1237,4465
911,1416,A019,3,828,4036
912,1703,A007,3,366,4734
913,1327,A016,4,1408,2971
914,1937,A018,4,225,4130
915,1927,A016,1,1496,1008
916,1360,A014,4,1685,4418
917,1262,A007,1,1581,1599
918,1049,A016,3,276,4997
919,1484,A005,4,1626,3692
920,1267,A018,4,1432,2416
921,1629,A019,3,512,3962
922,1536,A013,4,808,4541
923,1275,A004,3,756,3035
924,1152,A020,1,1061,1797
925,1634,A004,1,1261,2842
926,1545,A005,4,727,3601
927,1951,A006,4,1161,2037
928,1016,A004,2,375,4326
929,1993,A009,3,777,2036
930,1516,A002,4,1978,2534
931,1339,A010,2,1824,2466
932,1216,A014,4,1096,4778
933,1146,A004,4,1648,1249
934,1420,A015,4,545,135
935,1627,A016,1,1473,878
936,1746,A013,4,975,1527
937,1848,A003,3,538,2439
938,2000,A002,3,1670,2458
939,1949,A020,3,885,2494
940,1060,A016,2,301,2350
941,1457,A003,1,1257,594
942,1062,A009,2,623,4452
943,1521,A012,1,328,307
944,1890,A019,4,1428,4089
945,1162,A007,2,1606,1830
946,1396,A009,2,1328,2829
947,1362,A001,4,1102,1037
948,1059,A020,2,1680,487
949,1435,A015,3,1581,1312
950,1215,A004,1,888,3584
951,1070,A005,1,1624,3474
952,1242,A005,1,1376,3920
953,1246,A011,3,1478,2671
954,1777,A005,3,310,68
955,1358,A013,3,1117,3469
956,1789,A002,2,802,2935
957,1766,A014,2,1262,775
958,1123,A020,2,134,1351
959,1536,A009,3,513,4620
960,1668,A014,3,1305,1675
961,1583,A005,2,1163,916
962,1059,A020,3,238,4908
963,1245,A009,3,351,2423
964,1136,A010,2,857,2602
965,1572,A010,4,700,1417
966,1074,A017,2,678,380
967,1759,A001,1,1884,85
968,1474,A010,1,1037,2566
969,1878,A001,3,1440,4364
970,1786,A008,1,1806,2014
971,1853,A018,2,97,758
972,1981,A008,3,1188,285
973,1076,A002,3,1540,1377
974,1042,A001,4,353,4074
975,1972,A014,4,681,2001
976,1817,A018,1,524,2242
977,1765,A009,4,1034,1993
978,1971,A008,4,852,4752
979,1291,A007,3,309,1034
980,1268,A010,4,1437,3014
981,1599,A016,2,511,2745
982,1847,A014,1,1062,4193
983,1166,A019,4,324,4367
984,1915,A019,4,841,2465
985,1427,A003,4,132,3739
986,1585,A010,2,579,122
987,1997,A018,2,1818,156
988,1459,A004,1,1928,1578
989,1218,A014,1,1137,375
990,1694,A016,3,1654,429
991,1887,A020,4,238,4139
992,1087,A005,2,390,536
993,1047,A019,2,73,3701
994,1962,A007,4,405,3054
995,1524,A007,4,1484,4631
996,1399,A010,1,1508,3596
997,1217,A005,2,1025,3979
998,1361,A014,2,862,4492
999,1211,A012,4,235,4410
1000,1210,A014,1,789,4084
1001,1086,A018,1,898,2544
1002,1586,A018,4,604,4909
1003,1308,A003,4,758,3013
1004,1236,A019,4,1308,2838
1005,1752,A012,2,1136,2362
1006,1453,A011,2,383,3380
1007,1648,A015,4,1235,4115
1008,1711,A014,3,1078,434
1009,1249,A014,2,1108,3728
1010,1203,A008,3,1273,2231
1011,1836,A008,2,1579,3581
1012,1419,A014,4,1457,3943
1013,1302,A009,3,1010,2744
1014,1555,A003,4,801,4401
1015,1869,A008,3,1690,1097
1016,1047,A005,3,232,862
1017,1473,A011,2,1766,400
1018,1898,A017,2,806,4210
1019,1806,A016,2,585,795
1020,1170,A006,2,320,1465
1021,1174,A015,2,1377,3752
1022,1974,A014,2,519,328
1023,1635,A011,4,1680,2067
1024,1267,A016,1,1375,2120
1025,1952,A015,3,1012,1343
1026,1477,A001,2,671,4251
1027,1052,A007,1,986,1690
1028,1516,A005,1,889,871
1029,1118,A018,1,1735,4576
1030,1531,A008,1,1366,2411
1031,1686,A004,4,1885,2552
1032,1036,A001,3,203,333
1033,1705,A004,1,379,4263
1034,1380,A019,1,694,4739
1035,1349,A012,3,844,2900
1036,1742,A020,2,1290,3751
1037,1975,A004,3,1579,1978
1038,1790,A013,1,410,1308
1039,1065,A001,2,468,2457
1040,1160,A020,3,215,1185
1041,1390,A020,4,372,3132
1042,1557,A015,1,874,2264
1043,1105,A013,2,296,1730
1044,1255,A008,1,1267,2930
1045,1058,A005,2,982,2294
1046,1846,A004,4,1280,1794
1047,1377,A013,4,1834,1577
1048,1947,A015,2,1348,1308
1049,1021,A015,2,1169,542
1050,1113,A010,2,644,1395
1051,1114,A011,1,1210,4470
1052,1893,A010,1,836,4226
1053,1990,A018,1,1263,2740
1054,1020,A015,2,611,3002
1055,1021,A018,2,964,3829
1056,1187,A009,3,1968,1333
1057,1842,A017,2,864,105
1058,1723,A001,4,443,1439
1059,1305,A018,1,587,4779
1060,1862,A018,1,177,78
1061,1213,A001,4,1042,4757
1062,1395,A017,3,459,4102
1063,1173,A001,4,685,4823
1064,1932,A003,2,1423,1941
1065,1740,A012,4,363,4690
1066,1536,A001,3,1800,4499
1067,1044,A001,3,1873,4798
1068,1404,A004,2,1845,1561
1069,1668,A014,1,141,4151
1070,1259,A001,2,1865,4076
1071,1189,A008,1,412,2455
1072,1534,A008,1,1550,3171
1073,1788,A013,4,125,2773
1074,1495,A009,3,1911,3860
1075,1424,A005,4,673,4800
1076,1314,A002,1,292,380
1077,1146,A003,4,1596,2592
1078,1754,A017,2,1243,3336
1079,1366,A015,1,1199,4604
1080,1745,A009,2,1753,1254
1081,1024,A017,3,1010,1699
1082,1676,A004,1,1527,3777
1083,1039,A014,1,1504,965
1084,1260,A018,4,371,1799
1085,1936,A007,2,392,1824
1086,1088,A017,1,1497,4570
1087,1610,A017,2,706,81
1088,1136,A019,2,656,3859
1089,1573,A014,3,1863,3274
1090,1418,A006,2,1073,218
1091,1972,A007,1,89,1210
1092,1775,A016,2,1889,4097
1093,1648,A010,3,1230,2179
1094,1942,A001,3,206,2205
1095,1159,A016,4,1294,4793
1096,1686,A011,3,976,1928
1097,1453,A015,1,1571,2816
1098,1573,A011,3,792,1600
1099,1979,A019,3,810,2219
1100,1832,A007,2,477,4422
1101,1919,A019,3,1134,4651
1102,1854,A008,2,378,288
1103,1245,A001,2,519,214
1104,1229,A008,2,578,4178
1105,1843,A002,4,677,2303
1106,1307,A011,4,526,4389
1107,1899,A019,1,1700,2588
1108,1146,A003,3,1744,3841
1109,1326,A009,4,252,2795
1110,1901,A015,1,546,4107
1111,1363,A012,3,505,2190
1112,1255,A012,2,525,3301
1113,1913,A012,2,736,2593
1114,1182,A019,3,1127,1921
1115,1624,A018,3,1259,1274
1116,1319,A009,1,535,299
1117,1946,A020,2,628,1905
1118,1131,A007,4,923,153
1119,1834,A017,3,1392,1780
1120,1604,A019,1,1835,3769
1121,1720,A007,2,1813,1861
1122,1896,A020,2,1241,3020
1123,1722,A015,3,1757,1397
1124,1147,A001,1,172,3448
1125,1986,A010,3,1203,2859
1126,1347,A010,2,809,1747
1127,1473,A020,1,1485,964
1128,1941,A016,3,1417,1478
1129,1276,A009,3,507,4384
1130,1255,A006,4,1760,476
1131,1133,A015,2,1339,1687
1132,1378,A012,3,1445,4593
1133,1271,A003,4,1949,682
1134,1915,A020,2,1028,953
1135,1332,A009,1,1877,2196
1136,1358,A015,4,608,503
1137,1779,A020,2,192,3497
1138,1596,A019,3,841,3839
1139,1578,A002,3,917,464
1140,1442,A009,1,98,4784
1141,1989,A001,4,889,4989
1142,1621,A019,4,1708,433
1143,1833,A005,2,1567,936
1144,1653,A012,4,1526,4823
1145,1035,A016,3,1096,1965
1146,1539,A009,1,1137,3810
1147,1336,A009,1,803,1198
1148,1621,A014,3,1125,88
1149,1245,A019,4,129,2620
1150,1339,A017,4,966,1201
1151,1911,A003,1,428,4455
1152,1895,A015,3,1789,4446
1153,1841,A003,1,265,1585
1154,1753,A020,4,515,2134
1155,1077,A010,4,900,873
1156,1302,A009,2,430,4233
1157,1956,A001,2,1877,113
1158,1126,A018,3,1028,1519
1159,1539,A020,2,319,4508
1160,1145,A006,2,1776,1410
1161,1985,A012,2,972,4757
1162,1093,A007,1,252,2758
1163,1469,A006,2,1797,1359
1164,1455,A004,3,1082,2869
1165,1828,A009,3,1992,2764
1166,1820,A008,3,1940,4048
1167,1235,A003,1,992,1276
1168,1288,A001,1,66,3937
1169,1752,A006,3,1166,4683
1170,1038,A015,2,1198,1347
1171,1367,A003,1,1029,2576
1172,1018,A016,4,1926,809
1173,1614,A001,4,1610,2597
1174,1775,A015,1,1910,3957
1175,1658,A010,2,354,1117
1176,1235,A008,3,1051,752
1177,1173,A011,3,248,800
1178,1980,A019,1,696,4949
1179,1698,A007,3,152,2175
1180,1719,A015,2,292,4435
1181,1824,A016,4,166,2642
1182,1486,A019,4,1614,500
1183,1644,A010,1,757,2036
1184,1895,A008,1,1738,2257
1185,1580,A018,1,1598,4033
1186,1469,A003,2,1251,3472
1187,1106,A003,3,1466,81
1188,1004,A015,4,1531,522
1189,1990,A015,2,79,3859
1190,1418,A014,2,848,1368
1191,1214,A003,1,1850,792
1192,1169,A011,4,1161,4944
1193,1127,A009,2,314,3293
1194,1233,A009,3,1591,1278
1195,1701,A019,4,1035,4538
1196,1783,A013,1,1215,4811
1197,1022,A016,2,1889,4099
1198,1414,A013,1,622,4062
1199,1283,A007,1,427,4940
1200,1168,A006,1,1233,2930
1201,1884,A018,1,1306,3858
1202,1728,A019,2,1544,2355
1203,1590,A012,3,121,4028
1204,1389,A019,1,1563,2630
1205,1664,A004,1,311,2887
1206,1273,A003,4,164,2189
1207,1227,A006,3,1598,1872
1208,1915,A015,2,516,3298
1209,1265,A014,4,610,1851
1210,1712,A001,1,1566,1516
1211,1861,A015,1,235,1118
1212,1190,A016,3,374,4534
1213,1086,A004,2,1464,1886
1214,1389,A005,4,1636,3877
1215,1882,A020,3,850,3840
1216,1889,A005,2,274,4382
1217,1913,A001,4,1868,247
1218,1256,A009,3,1087,4190
1219,1561,A001,4,654,3967
1220,1297,A019,3,151,696
1221,1869,A004,3,57,720
1222,1002,A011,4,747,2665
1223,1427,A008,4,784,2726
1224,1654,A002,1,1213,326
1225,1436,A005,3,572,4684
1226,1206,A020,4,1885,2580
1227,1291,A010,2,480,3692
1228,1699,A015,4,677,1538
1229,1395,A013,2,507,2009
1230,1067,A001,1,132,2328
1231,1226,A008,1,787,3671
1232,1112,A019,2,1263,1804
1233,1988,A010,3,727,1866
1234,1969,A015,1,1702,4080
1235,1814,A004,1,164,3293
1236,1711,A012,4,471,2779
1237,1500,A011,4,651,2519
1238,1870,A004,3,1469,746
1239,1131,A003,3,1871,2549
1240,1729,A002,1,1255,117
1241,1828,A007,1,679,653
1242,1714,A002,4,387,2468
1243,1872,A011,3,1843,341
1244,1554,A020,4,1263,3654
1245,1803,A017,4,487,2432
1246,1826,A008,3,654,4250
1247,1722,A010,4,588,1410
1248,1096,A020,1,133,2671
1249,1548,A013,4,433,2507
1250,1772,A017,1,922,291
1251,1412,A002,3,981,3377
1252,1733,A006,4,1068,3710
1253,1124,A001,1,919,853
1254,1076,A008,1,990,4506
1255,1321,A016,1,1618,2131
1256,1608,A016,2,1794,2459
1257,1689,A007,1,83,3787
1258,1978,A020,3,1859,3865
1259,1689,A012,1,106,1911
1260,1133,A009,1,1807,3849
1261,1068,A020,4,1794,4652
1262,1304,A004,3,1416,2368
1263,1314,A001,4,1872,1956
1264,1503,A010,1,1308,2505
1265,1713,A007,2,673,4331
1266,1090,A005,4,85,4661
1267,1465,A014,1,1026,3114
1268,1184,A017,4,1504,2737
1269,1467,A013,3,1024,3547
1270,1953,A001,4,865,1437
1271,1154,A007,4,424,4405
1272,1440,A003,2,156,2035
1273,1926,A016,4,493,318
1274,1361,A002,1,579,2168
1275,1313,A014,4,1586,3124
1276,1270,A001,3,1112,2990
1277,1644,A009,2,1926,1906
1278,1466,A020,4,776,4679
1279,1679,A016,1,1181,1061
1280,1130,A016,4,147,3563
1281,1488,A001,1,1867,4334
1282,1929,A018,2,1993,4812
1283,1519,A016,2,282,193
1284,1294,A003,2,1248,320
1285,1240,A014,3,1593,458
1286,1574,A009,3,181,2144
1287,1929,A004,1,1144,1714
1288,1525,A017,2,1923,2639
1289,1706,A004,3,285,3442
1290,1005,A013,4,84,116
1291,1650,A005,1,1883,4801
1292,1083,A020,2,291,834
1293,1555,A009,2,235,168
1294,1746,A001,4,1152,3502
1295,1651,A018,2,683,4900
1296,1870,A015,3,1012,923
1297,1413,A006,3,687,96
1298,1876,A009,4,338,2000
1299,1106,A010,3,1299,4003
1300,1141,A018,3,1764,4045
1301,1168,A011,4,632,1354
1302,1337,A003,2,91,4333
1303,1995,A014,3,1508,4050
1304,1595,A009,2,1715,4373
1305,1410,A001,1,1900,3555
1306,1248,A009,4,369,2044
1307,1622,A017,1,941,3847
1308,1051,A014,2,535,1662
1309,1350,A015,4,1501,664
1310,1271,A006,3,1392,1737
1311,1812,A017,4,331,4237
1312,1844,A019,2,1260,3891
1313,1046,A004,3,52,1441
1314,1815,A010,4,1821,3779
1315,1363,A015,1,491,1181
1316,1935,A006,2,941,3793
1317,1634,A017,4,1275,1143
1318,1240,A005,3,391,4039
1319,1387,A010,3,477,4988
1320,1477,A020,3,1419,1574
1321,1185,A016,1,420,566
1322,1749,A011,1,994,4121
1323,1668,A016,1,930,900
1324,1937,A007,3,434,4520
1325,1315,A020,3,647,3012
1326,1866,A007,2,389,4423
1327,1238,A005,3,139,3764
1328,1012,A008,4,544,4460
1329,1588,A001,4,1727,487
1330,1324,A016,3,1937,2030
1331,1506,A001,1,1688,3387
1332,1814,A007,1,818,1324
1333,1598,A020,3,433,2761
1334,1646,A012,1,958,503
1335,1229,A014,2,1277,3425
1336,1366,A006,2,1655,1253
1337,1570,A017,3,1977,3965
1338,1684,A002,2,1526,4608
1339,1819,A011,2,883,2314
1340,1778,A020,3,416,2644
1341,1886,A019,3,416,1844
1342,1192,A015,1,1603,78
1343,1524,A008,3,723,3987
1344,1458,A019,4,1289,3490
1345,1994,A002,3,685,1197
1346,1834,A001,2,1177,2630
1347,1165,A016,2,1000,1595
1348,1866,A010,4,532,785
1349,1213,A006,4,560,2435
1350,1671,A007,2,637,3651
1351,1320,A013,4,1152,2005
1352,1315,A017,4,972,3671
1353,1484,A004,2,535,4003
1354,1061,A012,4,818,1642
1355,1468,A002,4,1772,1799
1356,1718,A016,2,1165,2955
1357,1927,A003,4,1160,3764
1358,1748,A008,3,1513,3014
1359,1827,A008,3,1709,1817
1360,1814,A013,3,1701,1389
1361,1461,A006,3,86,4428
1362,1504,A004,3,1771,333
1363,1347,A020,3,202,752
1364,1553,A013,3,1965,4073
1365,1728,A016,4,1752,4438
1366,1729,A014,4,1841,1327
1367,1664,A020,1,1830,327
1368,1695,A009,4,767,455
1369,1019,A008,2,266,2790
1370,1046,A013,1,1178,1551
1371,1498,A020,3,1429,3724
1372,1820,A017,1,861,253
1373,1751,A007,3,977,2726
1374,1121,A005,2,1459,1251
1375,1608,A015,2,544,3785
1376,1187,A005,2,785,826
1377,1429,A004,4,320,272
1378,1821,A020,3,1238,2428
1379,1886,A011,2,1563,1752
1380,1573,A010,4,337,4956
1381,1440,A018,4,611,2446
1382,1027,A005,2,1018,1446
1383,1906,A013,3,597,616
1384,1391,A016,3,1584,276
1385,1475,A017,4,409,2722
1386,1756,A003,2,1830,3874
1387,1269,A015,2,708,1795
1388,1042,A003,1,194,956
1389,1566,A006,3,912,4630
1390,1624,A020,3,1361,4253
1391,1652,A020,3,1425,2849
1392,1542,A011,1,642,2650
1393,1162,A012,1,109,2680
1394,1427,A004,3,140,1359
1395,1010,A009,1,355,822
1396,1463,A018,2,1483,4940
1397,1837,A012,2,829,767
1398,1363,A013,1,1713,1610
1399,1919,A007,4,1192,4377
1400,1468,A006,4,771,1295
1401,1411,A016,1,908,295
1402,1212,A001,2,1366,3149
1403,1433,A002,4,219,3945
1404,1151,A012,3,1733,3143
1405,1481,A006,4,1812,3343
1406,1076,A016,4,1718,4003
1407,1818,A018,2,1708,2545
1408,1497,A009,3,1795,1111
1409,1850,A007,3,788,3021
1410,1176,A011,1,1343,940
1411,1418,A007,2,1641,2189
1412,1301,A002,1,467,4074
1413,1976,A008,2,459,1563
1414,1018,A017,4,1298,4672
1415,1229,A017,2,462,245
1416,1763,A005,4,488,811
1417,1061,A020,2,93,3810
1418,1074,A004,1,1924,3098
1419,1757,A020,3,710,2216
1420,1542,A001,2,656,1935
1421,1125,A019,4,1228,768
1422,1729,A015,4,672,575
1423,1612,A005,2,1641,1353
1424,1839,A005,3,1034,3731
1425,1493,A008,1,1940,1697
1426,1452,A016,4,1418,4211
1427,1659,A016,4,1263,4778
1428,1778,A001,4,771,339
1429,1687,A019,4,1976,4395
1430,1510,A016,3,835,4295
1431,1886,A014,4,160,3494
1432,1567,A009,3,763,3603
1433,1143,A019,3,593,4534
1434,1352,A007,4,801,3301
1435,1486,A002,3,762,3003
1436,1532,A012,1,630,764
1437,1987,A020,2,1303,3027
1438,1903,A019,1,755,4555
1439,1824,A017,3,1163,1047
1440,1681,A014,4,742,4524
1441,1849,A019,2,1471,1617
1442,1732,A001,2,1011,2016
1443,1293,A020,2,1049,4663
1444,1447,A007,3,1289,3171
1445,1591,A017,1,1199,1713
1446,1335,A013,1,1377,1124
1447,1231,A003,3,1909,114
1448,1731,A009,4,67,3405
1449,1979,A018,4,800,2455
1450,1039,A020,4,369,4831
1451,1193,A018,1,1778,2287
1452,1020,A009,3,1403,1118
1453,1683,A020,2,932,1802
1454,1919,A014,4,1622,2947
1455,1297,A003,1,151,3054
1456,1779,A011,4,486,4322
1457,1634,A010,3,1401,1827
1458,1547,A001,4,710,4166
1459,1715,A008,1,1208,4261
1460,1473,A001,4,1890,3187
1461,1877,A009,4,810,4696
1462,1717,A003,4,428,4106
1463,1443,A020,2,1924,1163
1464,1387,A004,1,1587,1481
1465,1035,A005,2,231,1729
1466,1352,A018,2,1288,4430
1467,1110,A008,1,1190,595
1468,1095,A013,3,942,2097
1469,1123,A008,1,1481,4707
1470,1731,A006,4,1804,4873
1471,1439,A019,3,1418,4591
1472,1892,A018,2,1229,1432
1473,1552,A017,4,994,819
1474,1004,A005,4,241,2608
1475,1294,A015,4,884,3049
1476,1320,A013,4,779,4223
1477,1491,A005,3,1539,1643
1478,1515,A017,3,1836,4509
1479,1626,A016,4,1076,260
1480,1867,A020,2,904,1737
1481,1069,A013,3,787,1387
1482,1111,A003,2,766,1962
1483,1270,A016,1,1705,3203
1484,1575,A005,3,71,3724
1485,1449,A003,3,900,4414
1486,1352,A002,3,967,3101
1487,1321,A014,2,1580,57
1488,1033,A006,4,1332,1546
1489,1043,A015,3,1068,302
1490,1144,A007,1,1411,3428
1491,1962,A015,4,602,3156
1492,1553,A017,4,1558,781
1493,1197,A018,2,760,1165
1494,1409,A005,4,573,729
1495,1501,A005,1,1304,668
1496,1277,A015,2,584,2301
1497,1312,A008,2,1847,4580
1498,1135,A012,3,1407,1716
1499,1888,A006,4,1597,3282
1500,1127,A018,1,1634,1196
1501,1439,A019,2,53,4709
1502,1826,A002,1,99,2491
1503,1092,A010,3,672,572
1504,1243,A016,3,476,4431
1505,1057,A003,3,1075,4542
1506,1664,A005,4,1264,582
1507,1122,A001,3,524,531
1508,1965,A014,3,834,2805
1509,1444,A011,4,1954,392
1510,1862,A005,3,154,4702
1511,1781,A012,4,1362,4392
1512,1442,A018,3,454,1065
1513,1862,A017,2,1887,4076
1514,1220,A004,2,127,4515
1515,1185,A003,1,1129,2803
1516,1903,A002,3,1381,1778
1517,1233,A017,4,455,1626
1518,1920,A014,2,1410,226
1519,1473,A003,2,473,4532
1520,1870,A001,3,480,3078
1521,1668,A013,1,1442,2167
1522,1785,A018,4,1145,3779
1523,1332,A014,4,1520,3083
1524,1741,A006,4,434,4442
1525,1166,A016,2,1167,1139
1526,1304,A005,1,1816,4802
1527,1747,A013,4,671,1470
1528,1529,A006,2,119,3393
1529,1995,A004,4,412,3126
1530,1976,A010,1,995,1366
1531,1317,A005,2,412,4746
1532,1436,A006,2,1046,3806
1533,1282,A012,3,1241,4171
1534,1025,A005,1,344,1533
1535,1758,A017,4,263,3636
1536,1539,A017,1,1148,691
1537,1756,A008,4,960,298
1538,1624,A016,3,1477,4486
1539,1380,A010,1,70,4876
1540,1416,A007,2,989,605
1541,1940,A013,2,822,2603
1542,1397,A017,2,372,4023
1543,1336,A016,4,1845,71
1544,1840,A002,1,992,3668
1545,1503,A018,4,443,482
1546,1679,A008,2,1738,1267
1547,1635,A008,4,572,4614
1548,1123,A016,4,707,116
1549,1680,A017,1,1546,4353
1550,1918,A014,1,234,2376
1551,1365,A003,3,1542,4905
1552,1423,A003,2,1742,3705
1553,1673,A005,2,899,2110
1554,1366,A004,4,1190,4645
1555,1986,A008,1,1234,4853
1556,1553,A008,1,892,3722
1557,1593,A009,3,1592,2977
1558,1797,A010,2,1337,325
1559,1735,A011,2,941,1615
1560,1566,A014,1,104,4366
1561,1168,A011,4,891,61
1562,1294,A001,4,1106,1197
1563,1881,A003,1,760,3195
1564,1869,A008,3,520,2697
1565,1852,A009,4,291,1183
1566,1838,A010,4,1391,4124
1567,1807,A020,1,1788,1965
1568,1512,A009,3,1072,2418
1569,1318,A005,2,1453,4901
1570,1901,A018,4,113,1299
1571,1285,A009,1,1317,1686
1572,1879,A018,4,1349,281
1573,1066,A014,3,1529,629
1574,1202,A005,4,1013,2422
1575,1326,A001,1,1376,4387
1576,1262,A015,2,964,328
1577,1295,A008,1,1835,4316
1578,1456,A006,4,504,120
1579,1522,A003,4,195,270
1580,1132,A006,2,1787,940
1581,1413,A018,3,1351,2814
1582,1231,A019,4,1339,177
1583,1498,A002,2,1180,1178
1584,1693,A004,3,732,1649
1585,1340,A001,4,843,3736
1586,1769,A010,1,1493,880
1587,1374,A012,4,336,3511
1588,1539,A017,1,779,4094
1589,1776,A006,2,1304,411
1590,1529,A002,3,1765,3341
1591,1141,A008,3,698,4468
1592,1626,A001,1,452,274
1593,1219,A017,4,1379,1968
1594,1905,A009,2,354,4054
1595,1372,A011,4,444,154
1596,1539,A008,1,850,2671
1597,1835,A008,2,113,3722
1598,1746,A005,4,368,3937
1599,1688,A005,2,1795,1648
1600,1074,A007,2,1285,3713
1601,1882,A018,2,245,2537
1602,1979,A002,1,1771,573
1603,1498,A012,4,1229,3645
1604,1870,A020,2,336,3239
1605,1066,A018,1,1235,2837
1606,1744,A011,3,1726,67
1607,1953,A003,1,1187,1164
1608,1225,A004,3,1384,1196
1609,1871,A003,1,1756,808
1610,1682,A009,3,263,864
1611,1863,A003,4,939,3556
1612,1917,A015,2,1202,2374
1613,1077,A009,3,1441,967
1614,1297,A010,4,1473,4224
1615,1454,A012,3,633,3499
1616,1527,A009,2,1256,380
1617,1830,A006,3,1167,3049
1618,1228,A018,2,1237,476
1619,1369,A001,1,1350,2317
1620,1534,A020,1,1187,2318
1621,1122,A019,1,163,3569
1622,1359,A008,3,1009,1798
1623,1155,A020,3,1335,4573
1624,1867,A013,4,1190,286
1625,1886,A002,4,254,1361
1626,1068,A013,4,1307,2904
1627,1162,A002,1,771,3811
1628,1406,A006,4,1325,1342
1629,1275,A002,2,790,1473
1630,1401,A009,4,920,1637
1631,1217,A001,1,448,3062
1632,1223,A011,2,705,3199
1633,1425,A001,3,947,770
1634,1613,A014,4,1307,4124
1635,1162,A007,1,1117,4129
1636,1803,A005,4,1674,3983
1637,1456,A008,2,602,1421
1638,1325,A002,3,1116,2086
1639,1563,A003,3,54,1688
1640,1456,A016,1,1838,1356
1641,1553,A006,2,202,3487
1642,1139,A002,3,1612,4655
1643,1445,A005,4,1944,3009
1644,1471,A002,4,1301,4883
1645,1468,A003,1,1965,1325
1646,1823,A016,4,1675,493
1647,1308,A013,4,1748,4658
1648,1996,A020,1,1476,4169
1649,1356,A007,2,665,3804
1650,1167,A008,3,1434,1572
1651,1041,A012,2,258,3931
1652,1003,A013,2,1954,2251
1653,1135,A017,4,404,3497
1654,1002,A004,4,638,191
1655,1887,A002,2,1747,3567
1656,1648,A018,2,735,3750
1657,1830,A005,3,1293,4636
1658,1101,A019,2,235,1276
1659,1109,A005,1,1798,73
1660,1590,A008,2,1303,3203
1661,1578,A006,2,352,2070
1662,1339,A015,2,1865,666
1663,1093,A020,2,518,4387
1664,1784,A015,1,1464,723
1665,1998,A016,2,1976,3982
1666,1474,A011,1,1198,1369
1667,1564,A019,4,1242,2949
1668,1911,A018,2,1816,2435
1669,1067,A007,1,1227,338
1670,1952,A007,3,1011,4013
1671,1918,A003,1,231,4093
1672,1040,A009,2,418,302
1673,1723,A014,2,547,3822
1674,1713,A003,3,1181,705
1675,1832,A002,3,732,4790
1676,1842,A016,4,311,2087
1677,1868,A008,1,1097,2648
1678,1717,A009,4,947,3776
1679,1158,A005,2,1648,3756
1680,1794,A012,2,261,1097
1681,1088,A006,2,1734,2118
1682,1876,A001,4,969,2661
1683,1542,A019,1,516,3574
1684,1889,A004,3,656,2430
1685,1963,A010,3,1802,3902
1686,1839,A003,2,958,3962
1687,1009,A009,3,548,1690
1688,1120,A020,3,1143,1058
1689,1358,A013,3,174,1941
1690,1402,A008,4,1206,4194
1691,1748,A007,3,1199,2091
1692,1616,A012,2,1253,3593
1693,1459,A016,3,173,289
1694,1456,A002,3,1988,1816
1695,1168,A014,2,936,432
1696,1614,A001,3,1861,1843
1697,1641,A016,2,1059,2777
1698,1260,A013,1,1442,2243
1699,1018,A012,3,370,4310
1700,1231,A013,4,1362,3047
1701,1538,A005,3,1009,133
1702,1953,A015,3,594,3944
1703,1011,A005,1,1252,2192
1704,1039,A001,1,1702,2415
1705,1812,A003,2,508,1129
1706,1747,A002,2,538,1145
1707,1698,A009,2,1553,103
1708,1124,A002,1,611,1976
1709,1194,A005,4,1564,3874
1710,1371,A011,4,354,2190
1711,1207,A004,1,1268,119
1712,1911,A016,2,1644,520
1713,1086,A005,4,388,3767
1714,1001,A008,3,426,1741
1715,1484,A001,3,1961,3777
1716,1678,A009,4,598,4994
1717,1489,A008,1,939,1763
1718,1538,A004,4,1555,3695
1719,1883,A011,3,1864,3725
1720,1675,A013,2,959,1448
1721,1740,A001,4,1406,3538
1722,1517,A014,4,419,4632
1723,1286,A008,3,495,161
1724,1581,A017,4,1447,2942
1725,1356,A002,3,1904,1029
1726,1959,A005,3,52,3255
1727,1879,A003,2,1433,4247
1728,1241,A004,2,1265,440
1729,1352,A006,4,80,1697
1730,1666,A010,1,67,3457
1731,1945,A002,1,599,3464
1732,1704,A007,3,548,2647
1733,1161,A005,4,201,765
1734,1588,A008,1,704,1972
1735,1034,A019,3,94,1599
1736,1434,A008,1,84,373
1737,1593,A020,3,1980,1173
1738,1263,A008,3,421,633
1739,1006,A003,4,1981,2156
1740,1552,A001,3,423,4224
1741,1822,A003,2,1306,2146
1742,1781,A015,3,680,3460
1743,1540,A010,4,1582,912
1744,1526,A014,3,262,4287
1745,1371,A020,4,1100,1965
1746,1801,A006,3,622,2333
1747,1535,A004,2,106,1526
1748,1153,A010,2,427,3667
1749,1792,A017,4,992,1220
1750,1539,A013,2,1156,184
1751,1185,A009,3,1576,2695
1752,1698,A002,1,79,3640
1753,1528,A006,2,1492,4763
1754,1534,A009,2,1226,3638
1755,1607,A017,4,585,1574
1756,1100,A009,2,1521,1088
1757,1280,A004,4,660,4743
1758,1878,A010,4,739,3558
1759,1857,A010,4,1243,2226
1760,1886,A009,4,186,3072
1761,1487,A015,3,926,51
1762,1281,A004,4,474,1649
1763,1098,A013,4,1364,3085
1764,1555,A019,4,339,1951
1765,1816,A012,1,1009,337
1766,1588,A016,4,574,912
1767,1013,A012,4,1805,3717
1768,1697,A006,1,1017,2143
1769,1903,A002,2,841,1068
1770,1325,A013,4,1027,1219
1771,1361,A004,2,1134,1142
1772,1171,A018,2,180,1855
1773,1140,A016,4,189,3815
1774,1798,A013,2,1160,255
1775,1112,A017,4,1702,3192
1776,1068,A015,2,676,146
1777,1088,A005,1,1362,1528
1778,1432,A007,1,1219,329
1779,1170,A020,1,455,126
1780,1470,A001,3,1831,4881
1781,1137,A020,2,404,4433
1782,1265,A001,3,295,2108
1783,1597,A020,3,79,4082
1784,1069,A015,3,322,2665
1785,1731,A014,3,882,3639
1786,1413,A004,3,220,1037
1787,1584,A001,2,1076,3577
1788,1224,A009,1,1725,4103
1789,1275,A005,4,904,3961
1790,1103,A019,3,744,2305
1791,1155,A014,1,404,4137
1792,1925,A015,1,1694,3521
1793,1027,A004,1,574,4952
1794,1062,A006,1,546,3458
1795,1693,A007,4,637,440
1796,1191,A008,3,1207,3752
1797,1461,A020,2,1020,3727
1798,1718,A007,2,1002,3719
1799,1771,A004,3,228,1926
1800,1431,A011,4,1153,3504
1801,1817,A005,2,1296,1746
1802,1105,A005,3,740,3504
1803,1322,A014,1,407,3448
1804,1412,A012,3,1035,3954
1805,1621,A019,1,511,2593
1806,1212,A003,2,519,338
1807,1523,A016,3,890,1835
1808,1954,A015,1,646,835
1809,1726,A008,3,702,3781
1810,1501,A006,3,1988,3130
1811,1030,A019,3,1194,4520
1812,1755,A007,1,1271,2879
1813,1065,A013,2,521,2299
1814,1759,A012,4,1162,431
1815,1615,A002,2,1398,4875
1816,1905,A017,3,61,921
1817,1457,A015,3,371,4246
1818,1441,A018,2,1443,3079
1819,1903,A015,3,605,1768
1820,1910,A020,1,1200,4240
1821,1585,A015,4,427,4247
1822,1989,A012,1,980,3039
1823,1579,A012,3,1014,2960
1824,1324,A019,3,206,3432
1825,1476,A012,1,1078,4065
1826,1315,A005,2,1343,4555
1827,1058,A016,4,1347,2028
1828,1168,A006,4,1109,3030
1829,1652,A010,3,1355,2398
1830,1468,A018,1,838,933
1831,1104,A018,3,1278,2020
1832,1083,A010,1,1215,2615
1833,1189,A020,1,1972,2276
1834,1413,A001,4,292,1340
1835,1421,A006,2,151,3625
1836,1132,A007,3,829,1990
1837,1722,A020,1,109,591
1838,1495,A012,1,605,4412
1839,1672,A016,4,140,2348
1840,1808,A006,2,745,4095
1841,1444,A003,3,622,1635
1842,1073,A012,1,284,3296
1843,1680,A010,2,246,904
1844,1145,A014,4,332,1939
1845,1534,A002,3,1147,189
1846,1847,A009,4,776,2275
1847,1384,A014,1,1631,4250
1848,1304,A012,3,1175,2167
1849,1939,A002,1,750,1402
1850,1220,A004,3,1163,3818
1851,1983,A019,4,1244,3122
1852,1286,A014,2,451,402
1853,1549,A018,2,337,2844
1854,1628,A011,1,811,3004
1855,1375,A017,4,327,4090
1856,1696,A020,1,284,3441
1857,1837,A014,2,854,2073
1858,1898,A001,1,1282,4197
1859,1316,A019,3,1021,4858
1860,1132,A013,3,596,2651
1861,1308,A003,4,1892,1926
1862,1116,A005,4,862,4354
1863,1415,A015,4,1242,545
1864,1255,A008,4,845,1290
1865,1885,A005,2,1583,3120
1866,1128,A016,4,1699,903
1867,1116,A001,4,1959,3335
1868,1627,A019,4,1625,395
1869,1172,A019,1,438,3643
1870,1403,A013,2,1225,560
1871,1927,A001,1,1039,1227
1872,1971,A017,4,1613,3502
1873,1595,A001,3,496,1855
1874,1852,A019,3,176,4347
1875,1404,A005,3,395,1034
1876,1665,A015,1,147,1291
1877,1990,A011,2,839,4236
1878,1937,A020,1,1216,3469
1879,1953,A020,3,1565,4859
1880,1146,A006,3,517,510
1881,1715,A003,4,1981,425
1882,1739,A002,4,1859,4952
1883,1838,A020,2,1305,3042
1884,1272,A010,1,1358,2132
1885,1604,A010,2,194,1441
1886,1969,A010,4,806,3593
1887,1419,A003,3,165,3452
1888,1653,A004,3,672,4655
1889,1384,A002,3,755,2210
1890,1900,A014,3,1589,4490
1891,1193,A020,2,1309,535
1892,1777,A018,1,1158,1461
1893,1390,A016,4,1722,1438
1894,1699,A012,4,226,1131
1895,1469,A008,2,1636,4305
1896,1145,A006,4,1442,3318
1897,1003,A019,2,1053,4061
1898,1160,A017,3,1655,4264
1899,1526,A018,3,1968,1175
1900,1049,A011,2,1077,3271
1901,1367,A005,2,364,4579
1902,1747,A014,2,691,4983
1903,1096,A011,3,1785,1885
1904,1886,A009,2,915,1263
1905,1130,A010,4,202,918
1906,1643,A015,4,799,1078
1907,1120,A013,3,820,2282
1908,1871,A002,1,732,3743
1909,1254,A015,1,674,698
1910,1735,A012,2,828,2310
1911,1285,A019,1,1957,1777
1912,1713,A005,2,1253,3814
1913,1787,A019,2,161,2142
1914,1647,A019,2,1085,4791
1915,1856,A015,3,890,3056
1916,1723,A017,2,1147,1235
1917,1400,A005,1,620,2195
1918,1566,A009,2,1896,4892
1919,1897,A015,3,1196,1539
1920,1262,A010,4,642,419
1921,1297,A005,3,633,3575
1922,1481,A016,1,669,1849
1923,1950,A003,1,1624,588
1924,1335,A018,1,512,1569
1925,1155,A001,2,664,3984
1926,1930,A004,2,1612,2216
1927,1882,A013,3,778,1611
1928,1244,A007,1,1301,2705
1929,1567,A006,1,229,4575
1930,1071,A020,2,1317,2958
1931,1505,A014,2,1446,461
1932,1279,A013,4,1848,550
1933,1436,A005,1,1314,1412
1934,1737,A012,3,599,389
1935,1118,A018,4,1275,2839
1936,1923,A020,1,530,620
1937,1165,A008,3,234,340
1938,1779,A015,4,975,3450
1939,1484,A002,2,696,3489
1940,1488,A002,4,113,4469
1941,1856,A010,2,1064,4214
1942,1185,A017,1,838,4452
1943,1777,A014,4,1446,282
1944,1069,A016,4,1258,3841
1945,1611,A014,1,1394,1849
1946,1452,A001,3,241,2224
1947,1378,A018,2,1058,3016
1948,1729,A006,1,529,1015
1949,1476,A001,1,1726,83
1950,1089,A017,1,1274,950
1951,1617,A013,4,1879,1940
1952,1652,A017,3,1301,4387
1953,1437,A020,2,1717,3182
1954,1740,A009,4,585,2099
1955,1405,A020,1,1671,1870
1956,1709,A013,4,1728,1956
1957,1249,A012,3,1562,1456
1958,1219,A008,3,1420,3475
1959,1096,A008,2,296,1517
1960,1246,A005,4,192,3958
1961,1141,A018,2,1499,2866
1962,1597,A015,1,791,3868
1963,1345,A006,4,160,4766
1964,1829,A006,2,856,2106
1965,1372,A014,4,1093,3478
1966,1990,A019,4,1414,2470
1967,1616,A007,4,1726,4602
1968,1037,A012,4,602,2539
1969,1773,A003,2,221,2529
1970,1720,A020,2,1698,341
1971,1130,A002,3,1268,3787
1972,1210,A012,1,314,3488
1973,1668,A018,4,282,4694
1974,1411,A015,3,1713,3042
1975,1901,A001,2,115,4835
1976,1936,A001,2,1749,3689
1977,1987,A006,4,1263,65
1978,1738,A010,3,622,4975
1979,1959,A001,3,1502,4509
1980,1581,A009,4,1365,4289
1981,1907,A009,3,1929,1682
1982,1134,A012,3,713,3869
1983,1847,A011,1,286,1570
1984,1455,A008,3,1264,4012
1985,1511,A017,2,333,3799
1986,1006,A012,1,1347,4466
1987,1847,A017,4,1599,1908
1988,1663,A008,3,1690,3336
1989,1026,A008,4,369,1097
1990,1088,A006,3,721,3352
1991,1575,A001,4,750,3562
1992,1307,A005,4,1298,3393
1993,1877,A009,4,1379,2874
1994,1075,A009,3,1773,3570
1995,1145,A018,1,1491,4116
1996,1267,A014,3,759,3041
1997,1643,A020,3,1561,4262
1998,1566,A010,3,813,2129
1999,1758,A005,1,1803,4719
2000,1140,A015,4,876,3181
2001,1906,A006,1,912,4103
2002,1994,A002,4,67,4133
2003,1240,A012,1,1070,1967
2004,1632,A011,2,1094,333
2005,1188,A007,4,831,3431
2006,1887,A003,1,865,3128
2007,1905,A020,1,1104,1569
2008,1734,A014,1,320,186
2009,1107,A014,4,713,2300
2010,1566,A009,3,633,4749
2011,1827,A020,1,510,710
2012,1968,A005,3,356,4946
2013,1242,A001,1,889,1899
2014,1088,A003,3,1244,964
2015,1207,A007,3,1484,4065
2016,1193,A004,1,621,441
2017,1823,A016,4,866,3007
2018,1447,A011,2,1400,3311
2019,1640,A008,4,1495,3711
2020,1587,A005,2,682,1276
2021,1002,A017,4,683,1853
2022,1582,A018,1,1771,2554
2023,1529,A019,1,1547,4121
2024,1636,A007,3,1940,1883
2025,1089,A004,1,1744,819
2026,1255,A008,4,994,4041
2027,1800,A020,4,338,3679
2028,1300,A009,2,1109,2766
2029,1919,A015,2,1179,1933
2030,1149,A008,4,1236,3578
2031,1575,A020,2,743,2315
2032,1659,A014,3,1070,764
2033,1981,A019,3,434,3983
2034,1039,A013,4,736,3250
2035,1315,A011,1,1727,1627
2036,1559,A010,4,718,3682
2037,1506,A012,4,1255,3641
2038,1087,A001,3,986,70
2039,1517,A010,3,1004,3462
2040,1322,A009,1,1430,3198
2041,1589,A008,1,795,4458
2042,1809,A019,2,1011,344
2043,1438,A012,3,442,3932
2044,1062,A007,3,620,2450
2045,1178,A017,1,1265,3534
2046,1405,A015,4,713,3603
2047,1726,A006,2,1675,4767
2048,1350,A010,4,910,890
2049,1169,A015,4,380,4489
2050,1450,A006,4,1907,940
2051,1548,A015,2,1915,729
2052,1483,A006,4,797,3811
2053,1499,A003,2,462,2897
2054,1018,A006,4,1063,1253
2055,1035,A009,1,791,4152
2056,1992,A008,4,230,1417
2057,1777,A010,3,561,1238
2058,1615,A010,2,693,1451
2059,1493,A020,4,1524,871
2060,1863,A005,2,145,454
2061,1809,A013,2,1258,4348
2062,1265,A013,4,1074,4414
2063,1919,A020,2,935,2479
2064,1002,A014,4,1983,4287
2065,1616,A006,1,291,1588
2066,1534,A003,3,1040,3302
2067,1371,A016,3,456,2272
2068,1622,A016,2,1691,1808
2069,1714,A011,1,229,4881
2070,1089,A008,3,1899,3886
2071,1580,A005,3,979,493
2072,1233,A001,1,1936,2715
2073,1217,A017,2,1179,1331
2074,1478,A018,4,1685,2255
2075,1617,A005,1,526,3384
2076,1083,A001,4,1780,4238
2077,1833,A011,3,1512,2044
2078,1925,A015,1,1772,3107
2079,1820,A014,2,1542,4221
2080,1336,A007,2,1886,3623
2081,1816,A015,4,614,3576
2082,1953,A013,1,736,4432
2083,1143,A011,4,933,2200
2084,1172,A005,2,1668,1575
2085,1614,A020,1,89,826
2086,1312,A004,4,692,2938
2087,1436,A012,4,224,3594
2088,1511,A002,3,250,4007
2089,1806,A001,2,722,781
2090,1433,A008,1,391,1024
2091,1665,A016,3,1863,4054
2092,1519,A019,3,458,2107
2093,1347,A005,1,1501,2676
2094,1030,A006,3,1633,159
2095,1929,A001,4,190,3989
2096,1161,A016,3,167,752
2097,1915,A004,3,1978,619
2098,1414,A015,2,1814,2213
2099,1866,A008,3,452,2385
2100,1267,A010,2,173,1265
2101,1570,A002,2,958,3129
2102,1272,A014,2,720,1839
2103,1710,A019,3,183,3473
2104,1070,A003,3,1084,2830
2105,1134,A015,1,793,2998
2106,1865,A010,2,763,2893
2107,1667,A014,4,467,1172
2108,1152,A001,1,729,3240
2109,1283,A005,2,1407,338
2110,1904,A016,3,1378,4247
2111,1120,A010,2,532,4487
2112,1111,A012,3,152,2195
2113,1204,A008,4,587,3816
2114,1340,A011,3,1395,4933
2115,1925,A015,2,485,4036
2116,1289,A007,1,238,4320
2117,1726,A019,2,995,325
2118,1159,A001,4,1091,3845
2119,1661,A008,3,1176,4178
2120,1126,A019,2,641,4797
2121,1802,A018,3,1196,362
2122,1800,A002,3,116,2683
2123,1361,A015,4,1323,1283
2124,1059,A003,3,1712,4275
2125,1619,A004,3,1476,1686
2126,1453,A002,4,1650,2920
2127,1229,A015,2,1682,2776
2128,1735,A015,1,1377,2261
2129,1938,A006,1,1480,2275
2130,1013,A003,2,89,1264
2131,1480,A002,1,1724,795
2132,1416,A009,2,1315,3213
2133,1413,A002,4,1845,4333
2134,1227,A006,3,700,2823
2135,1763,A018,3,1718,4606
2136,1964,A016,1,609,3728
2137,1702,A018,3,1808,1468
2138,1982,A010,3,86,3166
2139,1792,A015,1,331,1184
2140,1198,A010,4,940,2695
2141,1115,A002,4,309,369
2142,1599,A017,4,1032,4132
2143,1371,A018,1,939,401
2144,1732,A019,2,616,2434
2145,1076,A020,3,852,3434
2146,1033,A004,2,421,586
2147,1739,A005,2,212,1018
2148,1797,A004,4,1780,394
2149,1084,A016,2,370,2803
2150,1176,A004,3,446,3106
2151,1860,A008,3,495,4590
2152,1731,A011,2,1335,1255
2153,1286,A011,3,1005,4219
2154,1885,A017,2,243,135
2155,1629,A006,4,1328,1867
2156,1987,A016,1,1110,2149
2157,1012,A012,4,1854,2469
2158,1192,A003,4,1148,4546
2159,1335,A004,1,196,1175
2160,1393,A008,4,662,3254
2161,1796,A008,2,276,572
2162,1931,A012,1,1567,4071
2163,1931,A017,3,1233,1830
2164,1598,A003,2,945,2687
2165,1150,A001,4,260,993
2166,1410,A002,4,459,2668
2167,1752,A007,3,1401,3167
2168,1227,A012,4,1279,3441
2169,1177,A015,4,731,4883
2170,1257,A014,2,1184,1753
2171,1438,A009,3,1159,1770
2172,1481,A010,2,1156,2044
2173,1090,A002,1,733,3668
2174,1880,A002,1,1151,2558
2175,1371,A020,3,292,610
2176,1786,A003,3,1264,1823
2177,1442,A001,3,145,2114
2178,1256,A012,2,520,3241
2179,1126,A012,4,850,4520
2180,1201,A005,2,1746,4859
2181,1366,A009,4,143,3073
2182,1624,A011,3,1435,3804
2183,1649,A013,3,1673,3710
2184,1739,A014,2,275,2880
2185,1504,A011,3,1300,4715
2186,1937,A016,4,1842,915
2187,1937,A002,2,63,2752
2188,1782,A017,4,642,1999
2189,1610,A006,2,1329,4327
2190,1970,A006,2,343,526
2191,1496,A010,3,1031,843
2192,1598,A005,4,1060,4182
2193,1721,A013,1,434,4084
2194,1783,A011,4,821,1867
2195,1764,A003,4,1229,317
2196,1515,A002,1,1226,1558
2197,1405,A012,2,1492,1488
2198,1424,A011,3,104,988
2199,1276,A020,3,898,3426
2200,1900,A020,4,1225,2884
2201,1289,A006,3,497,1056
2202,1725,A016,3,1042,235
2203,1159,A011,1,82,1907
2204,1565,A011,1,1236,2926
2205,1852,A005,2,215,371
2206,1062,A003,1,1678,4665
2207,1628,A015,1,405,2527
2208,1560,A005,2,804,3645
2209,1221,A019,2,1029,2388
2210,1987,A008,2,94,465
2211,1068,A011,2,1465,4640
2212,1715,A003,3,363,2612
2213,1171,A017,3,1139,308
2214,1778,A016,3,1059,4510
2215,1041,A014,3,160,3942
2216,1904,A003,2,595,351
2217,1630,A003,3,1646,4781
2218,1995,A014,3,105,2671
2219,1766,A012,3,441,4787
2220,1920,A017,4,558,3333
2221,1800,A012,3,246,3959
2222,1614,A015,3,1006,332
2223,1631,A010,4,197,3341
2224,1904,A008,3,1545,131
2225,1369,A002,3,1408,4113
2226,1065,A005,4,602,4683
2227,1310,A020,1,418,2302
2228,1174,A014,3,567,710
2229,1441,A018,2,665,2230
2230,1379,A017,3,1174,1606
2231,1958,A014,4,1724,198
2232,1506,A007,1,619,1019
2233,1376,A015,2,1524,2955
2234,1291,A018,3,613,3797
2235,1578,A009,3,415,2155
2236,1048,A005,2,346,2630
2237,1636,A009,1,110,2730
2238,1267,A019,1,184,3302
2239,1673,A010,2,1167,3416
2240,1255,A017,3,250,3949
2241,1265,A006,2,1713,3467
2242,1499,A012,3,1121,2983
2243,1942,A005,2,1962,823
2244,1838,A018,2,537,1832
2245,1583,A010,4,911,4288
2246,1988,A004,3,930,2660
2247,1439,A002,3,1592,2659
2248,1677,A011,2,1850,2728
2249,1476,A012,2,1197,907
2250,1120,A019,4,261,1208
2251,1084,A012,3,399,2927
2252,1875,A020,2,861,4266
2253,1864,A018,2,1293,3800
2254,1029,A011,1,857,2412
2255,1986,A013,2,1085,3108
2256,1916,A010,1,969,2555
2257,1105,A019,3,1261,4869
2258,1697,A011,4,1799,433
2259,1611,A016,1,454,2144
2260,1049,A014,2,842,4772
2261,1429,A008,3,412,2128
2262,1535,A007,2,374,3347
2263,1896,A016,2,948,4436
2264,1098,A019,3,50,4034
2265,1563,A014,2,1211,781
2266,1905,A008,4,712,3957
2267,1354,A002,2,1668,1868
2268,1869,A020,2,1597,3340
2269,1752,A016,3,1146,4802
2270,1860,A015,2,719,724
2271,1964,A002,1,792,185
2272,1226,A014,2,831,2099
2273,1567,A006,4,1638,4324
2274,1899,A006,2,1536,1171
2275,1398,A005,4,786,4523
2276,1644,A018,4,587,2004
2277,1534,A008,2,832,2315
2278,1069,A005,4,1969,4714
2279,1145,A019,3,423,1968
2280,1892,A007,2,1767,4657
2281,1142,A011,4,125,289
2282,1636,A008,3,1802,2338
2283,1378,A018,2,783,3650
2284,1732,A011,4,680,2543
2285,1361,A020,4,1201,1421
2286,1777,A019,2,814,4693
2287,1367,A014,3,1115,4138
2288,1814,A014,2,577,3708
2289,1064,A003,4,472,1190
2290,1650,A018,2,724,686
2291,1838,A013,4,548,1634
2292,1485,A004,1,79,142
2293,1764,A018,3,1981,1051
2294,1135,A009,1,137,2188
2295,1702,A014,2,349,4083
2296,1089,A018,1,319,4945
2297,1420,A018,3,967,1823
2298,1557,A012,1,341,1676
2299,1805,A013,1,1901,4166
2300,1878,A011,4,1047,4439
2301,1677,A017,3,1153,2740
2302,1376,A020,4,1026,3334
2303,1631,A017,1,1731,4736
2304,1455,A010,2,1817,3758
2305,1495,A004,2,1231,2342
2306,1939,A017,1,308,2636
2307,1820,A009,1,683,2399
2308,1910,A014,4,497,3741
2309,1359,A013,1,1641,3497
2310,1337,A019,1,1145,437
2311,1923,A002,2,1463,4624
2312,1905,A003,2,1433,3589
2313,1723,A020,2,719,4236
2314,1995,A003,2,542,1830
2315,1247,A003,3,718,2499
2316,1408,A005,4,1806,91
2317,1081,A010,1,717,2930
2318,1511,A002,1,1319,1570
2319,1069,A014,2,1826,3200
2320,1050,A007,1,96,1001
2321,1309,A013,3,752,2065
2322,1441,A010,4,1458,3193
2323,1610,A014,2,1159,4828
2324,1969,A016,2,69,3524
2325,1234,A014,1,786,4489
2326,1955,A019,2,853,3931
2327,1893,A009,3,980,731
2328,1892,A010,4,1831,2289
2329,1939,A012,2,68,2553
2330,1101,A005,1,1602,1354
2331,1063,A018,1,1076,1049
2332,1397,A012,3,1458,879
2333,1931,A015,1,1540,2551
2334,1669,A012,4,1282,3983
2335,1093,A017,4,1693,2294
2336,1667,A012,3,911,863
2337,1131,A011,3,1648,1293
2338,1594,A014,2,1417,4714
2339,1473,A016,2,255,3188
2340,1933,A011,3,248,1775
2341,1223,A020,3,362,3770
2342,1724,A004,1,1037,3886
2343,1951,A012,2,1871,863
2344,1587,A017,2,1009,490
2345,1269,A015,2,801,3790
2346,1488,A017,1,408,3158
2347,1515,A004,2,156,2383
2348,1197,A007,1,1450,1299
2349,1217,A009,2,58,2026
2350,1241,A010,2,923,4141
2351,1980,A011,4,251,2536
2352,1416,A008,3,286,445
2353,1755,A019,2,276,1195
2354,1784,A009,4,1306,2115
2355,1252,A002,2,745,2493
2356,1065,A009,1,1273,766
2357,1786,A001,4,839,3268
2358,1720,A016,3,919,3180
2359,1778,A007,3,1377,2310
2360,1366,A015,3,645,702
2361,1752,A017,2,1134,2526
2362,1914,A013,4,213,793
2363,1032,A013,4,54,4735
2364,1991,A003,2,298,4034
2365,1759,A009,1,1743,3233
2366,1659,A014,3,1669,4456
2367,1114,A010,2,395,2551
2368,1687,A011,4,515,3695
2369,1265,A010,1,239,341
2370,1556,A010,4,677,154
2371,1436,A011,1,451,4347
2372,1571,A015,2,564,1133
2373,1365,A013,1,1270,1393
2374,1860,A020,4,893,3721
2375,1862,A007,4,937,2450
2376,1115,A001,2,1401,2579
2377,1859,A020,4,620,4584
2378,1603,A010,1,1692,225
2379,1625,A014,4,1896,1795
2380,1299,A014,1,754,4679
2381,1851,A012,1,1920,4191
2382,1482,A020,2,224,4893
2383,1917,A017,1,408,1762
2384,1091,A008,2,1244,1440
2385,1849,A014,1,1758,4692
2386,1107,A017,4,506,3746
2387,1571,A019,4,1983,1502
2388,1641,A011,1,1623,3118
2389,1521,A019,3,1834,2183
2390,1430,A004,1,471,4548
2391,1331,A002,1,1880,929
2392,1556,A004,2,1976,2341
2393,1472,A015,1,586,219
2394,1540,A011,4,1307,1051
2395,1549,A018,3,1141,1505
2396,1283,A012,2,560,1868
2397,1818,A017,4,610,3637
2398,1477,A017,3,409,3556
2399,1565,A012,2,1573,4740
2400,1676,A009,4,583,570
2401,1472,A009,4,1099,2373
2402,1995,A015,4,1710,2918
2403,1441,A004,3,1339,533
2404,1811,A003,2,1587,3704
2405,1880,A010,4,1272,848
2406,1114,A013,1,1227,1501
2407,1399,A005,4,582,1256
2408,1971,A010,2,138,4433
2409,1925,A017,3,472,1878
2410,1008,A017,2,374,2196
2411,1694,A014,2,1660,4667
2412,1922,A004,2,839,4243
2413,1964,A005,3,1253,3133
2414,1691,A003,1,1012,925
2415,1177,A006,1,566,1278
2416,1319,A014,4,1670,3153
2417,1834,A014,4,854,2655
2418,1534,A009,3,104,3254
2419,1816,A009,4,450,4427
2420,1982,A006,4,486,3337
2421,1026,A010,1,1242,3013
2422,1718,A009,1,81,3998
2423,1723,A009,2,1960,4948
2424,1959,A012,1,1451,720
2425,1349,A016,2,1785,510
2426,1550,A011,1,1630,968
2427,1317,A001,2,1752,2567
2428,1792,A020,4,1447,905
2429,1501,A003,1,1357,4740
2430,1016,A020,1,1453,1830
2431,1438,A001,4,1096,1425
2432,1962,A017,3,1128,2238
2433,1613,A002,2,1533,521
2434,1863,A014,2,1827,4142
2435,1863,A009,4,1406,432
2436,1655,A010,3,1014,1145
2437,1387,A002,2,1778,2000
2438,1609,A013,3,152,4914
2439,1672,A012,4,448,1624
2440,1743,A001,2,1098,4578
2441,1594,A006,1,74,4040
2442,1548,A003,4,397,2410
2443,1896,A016,3,258,2668
2444,1347,A002,1,968,1021
2445,1654,A001,4,370,1826
2446,1791,A018,1,241,1887
2447,1280,A015,4,751,4011
2448,1462,A019,2,118,1112
2449,1554,A011,3,1787,3406
2450,1201,A013,1,855,2653
2451,1004,A018,4,1643,4506
2452,1706,A010,1,620,2550
2453,1116,A012,1,290,2368
2454,1419,A009,3,349,2572
2455,1769,A012,2,1432,699
2456,1354,A006,3,949,3369
2457,1516,A016,4,1175,1678
2458,1932,A018,2,1190,4533
2459,1933,A016,2,1723,3603
2460,1585,A012,4,790,1869
2461,1556,A017,4,175,2872
2462,1236,A006,2,1428,4702
2463,1969,A003,1,1193,4229
2464,1283,A017,3,807,3972
2465,1186,A020,2,589,2213
2466,1641,A013,1,1082,143
2467,1051,A012,4,1502,1400
2468,1697,A018,1,1913,1363
2469,1672,A007,1,385,4994
2470,1577,A006,3,1946,2063
2471,1938,A018,4,833,4102
2472,1061,A008,3,1517,4241
2473,1689,A008,3,581,3541
2474,1010,A009,2,839,2341
2475,1889,A017,3,926,2802
2476,1561,A015,2,1606,3419
2477,1461,A011,2,1668,1264
2478,1713,A008,2,385,493
2479,1610,A007,3,1362,3606
2480,1343,A014,1,929,83
2481,1577,A010,1,76,1313
2482,1287,A005,1,1643,1062
2483,1103,A010,3,729,720
2484,1377,A011,4,1364,2207
2485,1127,A015,2,794,3201
2486,1347,A008,4,552,945
2487,1163,A012,1,1115,2143
2488,1030,A012,1,632,4237
2489,1667,A018,1,1508,4347
2490,1787,A011,4,1746,1566
2491,1741,A005,2,1552,84
2492,1834,A007,2,339,1957
2493,1352,A017,1,258,3670
2494,1681,A020,3,418,272
2495,1467,A006,1,1844,1345
2496,1702,A011,4,212,4208
2497,1574,A016,4,975,345
2498,1135,A014,2,1172,4694
2499,1430,A009,1,1948,4401
2500,1573,A012,2,911,3871
